codigo,descripcion,imputable
11101,Caja en $,True
11102,Caja u$s,True
11103,Banco Provincia Cta Cte,True
11104,BBVA Cta Cte,True
11105,Mercado pago,True
11106,Banco Nacion Cta Cte,True
11107,Valores a Depositar,True
11108,Banco Galicia cta cte,True
11201,Moneda Extranjera,True
11202,Plazo Fijo en pesos,True
11203,Plazo Fijo en Dolares,True
11204,Fondo de Inversión,True
11301,Deudores por Ventas,True
11302,Deudores por Tarjeta,True
11303,Documentos a Cobrar $,True
11304,Documentos a Cobrar u$s,True
11305,Deudores Morosos,True
11306,Deudores en Gestión Judicial,True
11307,Cheques de Terceros Rechazados,True
11308,Deudores del Exterior,True
11400,Anticipos Imp. sobre los Ing. Brutos,True
11401,Anticipos Impuesto a las Ganancias,True
11402,IVA Crédito Fiscal,True
11403,IVA Percepción 3337,True
11404,Percepción Ingresos Brutos PBA,True
11405,Adelanto de Sueldos,True
11406,Cta Particular Bezzato Antonella,True
11407,Cta Particular Franco Mele,True
11408,Cta Particular Joaquin Bary,True
11409,Saldo a favor DDJJ Ganancias,True
11410,Retenciones IVA,True
11411,Saldo Tecnico IVA a favor,True
11412,Saldo Libre Disponibildad,True
11413,Saldo a Favor Imp Ing. Brutos,True
11414,Retenciones Contribuc. SUSS,True
11415,Retenciones Contrib. O Social,True
11416,Retenciones Imp. a las Ganancias,True
11417,Percepción Imp. a las Ganancias Ley 27.541,True
11418,Retenciones Imp. sobre los Ing Brutos,True
11419,Reten. Bancarias Imp. sobre los Ing Brutos,True
11420,Impuesto al Credito a cta Ganancias,True
11421,Reten. Bancarias Sircreb Ing Brutos,True
11422,IVA Crédito Fiscal Bancos,True
11423,Percepción Ingresos Brutos Bancos,True
11424,Ret. Imp. sobre los Ing Brutos,True
11425,Reten.Tarjetas Imp. a las Gcias.,True
11426,Percepcion IIBB Tarjetas,True
11427,Saldos a Favor AFIP Disp. Restringida,True
11428,Percepcion IVA RG 2408,True
11429,Reten.Tarjetas Imp. IIBB,True
11430,IVA Crédito Fiscal 10.5%,True
11431,IVA Crédito Fiscal 27%,True
11432,IVA Crédito Fiscal Bancos 10.5%,True
11433,IVA Credito Fiscal Tarjetas MAL,True
11434,Retencion IVA Tarjetas MAL,True
11435,IVA Crédito Fiscal Tarjetas,True
11436,Retenciones IVA tarjetas,True
11437,Percepciones IVA tarjetas,True
11438,"Iva CF Tarjetas10,5%",True
11503,Anticipo TSH,True
11504,Bebidas Varias,True
11505,Mercaderias,True
11506,Botellon,True
11507,Materias Primas,True
11601,Alquileres Pagados por Adelantado,True
11602,Seguros Pagados por Adelantado,True
12101,Fondos de Disp Restringida,True
12201,Seguros a cobrar,True
12301,Socios Art. 33 Ley 19550,True
12401,Terrenos,True
12402,Inmuebles,True
12403,Amortizacion Acumulada Inmuebles,True
12404,Rodados,True
12405,Amortizacion Acumulada Rodados,True
12406,Muebles y Utiles,True
12407,Amortizacion Acumulada Muebles y Utiles,True
12409,Muebles y Articulos Gastronomicos Menores,True
12410,Amortizacion Acumulada Muebles y Articulos Gastronomicos M.,True
12411,Instalaciones,True
12412,Amortizacion Acumulada Instalaciones,True
12413,Equipos Electronicos y de Computación,True
12414,Amortizacion Acumulada Equipos de computación,True
12415,Herramientas Varias,True
12416,Amortizacion Acumulada Herramientas Varias,True
12417,Depreciación Acumulada,True
12418,Muebles y Art Gastronomicos,True
12419,Amortizacion Acumulada Muebles y Art Gastronom,True
12420,Instalaciones Revaluo,True
12421,Equipo de Pc y Electronicos Revaluo,True
12422,Amortizacion Acumulada Eq de PC y Electron Revaluo,True
12423,Amortizacion Acumulada Instalaciones Revaluo,True
12424,Muebles y Utiles disponibilidad restingida,True
12425,Instalaciones disponibilidad restingida,True
12426,Vajilla y elementos varios disponibilidad restingida,True
20015,Beneficio REPRO II,True
21101,Proveedores,True
21102,Acreedores en comodato bs de uso,True
21103,Alquileres a pagar,True
21104,Cheques Emitidos Pendientes de Cobro,True
21105,Cheques de 3ros rechazados,True
21106,Cheques Propios Rechazados,True
21201,Acreedores Bancarios,True
21202,Tarjeta Visa a Pagar,True
21203,Tarjeta Visa BBVA a Pagar,True
21301,Contribuciones Seg. Social a pagar NO SIPA,True
21302,Contribuciones Seg. Social a pagar,True
21303,Aportes Seg. Social a pagar,True
21304,Aportes Obra Social a Pagar,True
21305,Contribuciones Obra Social a Pagar,True
21306,ART a pagar,True
21307,Aporte sindicato a pagar,True
21308,Contribuciones sindicato a pagar,True
21309,Sueldos y Jornales a Pagar,True
21310,S.A.C. a Pagar,True
21311,Seguro de Vida Colectivo a pagar,True
21312,Sueldos No Remunerativos a pagar,True
21313,Contribucion Sindicato a pagar,True
21314,ATP,True
21401,IVA Débito Fiscal,True
21403,Impuesto a las Ganancias a Pagar,True
21404,Impuesto a los Ingresos Brutos a Pagar,True
21405,IVA a pagar,True
21406,Ganancia Minima Presunta a pagar,True
21407,Tasa de Seguridad e Higiene a pagar,True
21408,BP Acciones y Participaciones a pagar,True
21409,Impuestos Municipales a Pagar,True
21410,Intereses Negativos a Devengar,True
21411,IVA Débito Fiscal Tarjetas,True
21412,SICORE IVA a pagar,True
21413,SICORE Ganancias a pagar,True
21501,Dividendos en Efectivo a Pagar,True
21502,Honorarios Director a pagar,True
21503,Honorarios Profesionales a pagar,True
21504,Aportes Accionistas,True
21601,Anticipo de Clientes,True
21602,Seguro De Sepelio a pagar,True
21603,Fondo Convenio a pagar,True
21604,Cont. Solidaria a pagar,True
21605,Cuota Sindical a pagar,True
21702,Cont. Especial a pagar,True
21703,Prestamos Bancarios,True
21704,Prestamos Financieros de terceros,True
21705,Cheques Emitidos Pendientes de Debito,True
21706,Seguros a Pagar,True
22200,Planes de Facilidades de Pago a pagar,True
22201,Planes de Facilidades ARBA a pagar,True
22202,Planes de Facilidades MUNICIP a pagar,True
22203,Planes de Facilidades Obra Social UTHGRA a pagar,True
22204,Planes de Facilidades Sindicato UTHGRA a pagar,True
31100,Capital Social,True
31200,Aportes Irrevocables,True
31201,Ajustes al Capital,True
32100,Primas de Emisión,True
32200,Descuentos de Emisión,True
33100,Reserva Legal,True
33201,Reserva Estatutaria,True
33202,Reserva Facultativa,True
34100,Resultados No Asignados,True
34200,Ajustes Resultados de Ejercicios Anteriores,True
34300,Resultado del Ejercicio,True
34400,Saldo Remedicion RT 48,True
41100,Ventas de Servicios de Cafeteria,True
41200,Ventas de Servicios de Exp de Comidas,True
41300,Servicios de Publicidad,True
41302,Ventas Otros,True
41400,Descuentos Obtenidos,True
41500,Intereses Cobrados,True
41600,Ganancia por Tenencia,True
41700,Otros Ingresos,True
41701,Salario Complementario ANSES,True
41801,Resultado por Tenencia,True
41802,Comisiones Ganadas,True
41803,Venta de Bienes de Uso,True
41804,Reintegro ART,True
42100,Costo de los Servicios Prestados,True
42101,Gastos de Obra y Remodelacion,True
42102,Gastos de Mantenimiento,True
42201,Sueldos y Jornales,True
42202,S.A.C.,True
42203,Cargas Sociales,True
42204,Gastos de Alarmas,True
42205,Honorarios,True
42206,ART,True
42207,Contribucion Sindicato,True
42208,Seguro de Vida Colectivo,True
42401,Publicidad y Propaganda,True
42402,Gastos Vasos y Vajilla,True
42403,Fletes y Acarreos,True
42404,Gastos de Software,True
42405,Impuestos sobre los Ingresos Brutos,True
42406,Gastos Hielo,True
42407,Amortizaciones,True
42408,Tasa de Seguridad e Higiene,True
42409,Impuestos Municipales Varios,True
42410,Impuesto a las Ganancias,True
42411,Gastos Varios del Personal,True
42412,Gastos Varios,True
42413,Gastos de Librería y Papeleria,True
42414,Gastos de Energía Eléctrica,True
42415,Gastos de Envases y Descartables,True
42416,Gastos de Equipos de Comp y Electronicos,True
42417,Gastos Servicio Privado de Salud,True
42418,Gastos Art. de Limpieza,True
42419,Viaticos y Movilidad,True
42420,Gastos de Telefonia e Internet,True
42421,Seguros Pagados,True
42422,Alquileres Pagados,True
42423,Gastos de Servicio de Internet,True
42424,Gastos de Rodados,True
42427,Comsiones de Tarjetas,True
42428,Fondo de Promocion Turistica,True
42429,Gastos de Delivery,True
42430,Gastos Recolección de residuos,True
42431,Gastos Posnet,True
42432,Honorarios Profesionales,True
42433,Gastos de gas,True
42434,Gastos Obras Sanitarias,True
42435,Gastos Cheques Rechazados,True
42436,Comisiones Pagadas s/Ventas,True
42437,Gastos de servicio de limpieza,True
42438,Gastos de tasas y costas judiciales,True
42501,Gastos y Comisiones Bancarias,True
42502,Intereses Resarcitorios,True
42503,SADAIC,True
42504,Intereses Punitorios,True
42505,Intereses Negativos,True
42506,Impuesto a los Debitos,True
42507,Impuesto a los Creditos,True
42508,Intereses Bancarios,True
42509,Gastos y Comisiones Tarjetas de Credito,True
42600,Otros Gastos,True
42601,Resultado por la baja de bienes,True
42602,Ajuste por Redondeos,True
42603,Multas Varias,True
42700,Resultado por Exposición a la Inflación,True
